Image,Question
000000000.jpg,What countries are represented in this figure?
000000000.jpg,What ratings are in the figure?
000000000.jpg,What is this figure representing?
000000000.jpg,Is energy efficiency improving or declining?
000000000.jpg,What letters are used for the energy efficiency ratings in the image from worst rating to best rating?
000000001.jpg,What type of camera would produce the objects in the image?
000000001.jpg,Which photograph is lighter?
000000001.jpg,What is shown in the image?
000000001.jpg,How many photographs are in the image?
000000001.jpg,Which photograph is darker?
000000002.jpg,How many mountains are there?
000000002.jpg,Is there anything manmade in the image?
000000002.jpg,Where was this photograph likely taken?
000000002.jpg,What is shown in the image?
000000002.jpg,What season likely is it in the image?
000000003.jpg,What part of their body is the person touching?
000000003.jpg,What is shown in the image?
000000003.jpg,is the person shown likely a man or a woman?
000000003.jpg,What likely happened to the person in the image?
000000003.jpg,Is the person in the image likely in pain? 
000000004.jpg,What is shown in the image?
000000004.jpg,What colors are predominately in the image?
000000004.jpg,What is this a picture of?
000000004.jpg,Is there food in the image?
000000004.jpg,Is there anything melting in the image?
000000005.jpg,What is shown in the image?
000000005.jpg,How many plants are there?
000000005.jpg,What time is it in the image?
000000005.jpg,What is in the bottom center shelf?
000000005.jpg,How would you describe the rug?
000000006.jpg,How many servings are provided in the pack shown?
000000006.jpg,What is shown in the image?
000000006.jpg,What is the brand of the item shown?
000000006.jpg,What does Actimel provide?
000000006.jpg,What vitamin is in actimel?
000000007.jpg,What is the man in the picture wearing?
000000007.jpg,Who is the actor in the image?
000000007.jpg,What kind of face is the person in the image making?
000000007.jpg,What is the job of the person shown?
000000007.jpg,What is shown in the image?
000000008.jpg,what is this a logo for?
000000008.jpg,What is shown in the image?
000000008.jpg,what letters are in the logo?
000000008.jpg,how many colors are in the logo?
000000008.jpg,what department is the image about?
000000009.jpg,What is shown in the image?
000000009.jpg,what decade is this car from?
000000009.jpg,what color is the interior of the car?
000000009.jpg,what season was it when this photo was taken?
000000009.jpg,what color is the steering wheel?
000000010.jpg,Is the guitar in the photo acoustic or electric?
000000010.jpg,what is the man in the photograph doing?
000000010.jpg,what is the man in the photo wearing?
000000010.jpg,What country was this photo likely taken in?
000000010.jpg,What is shown in the image?
000000011.jpg,How many flowers are in the photo?
000000011.jpg,What type of flowers are shown?
000000011.jpg,When might someone pick these flowers?
000000011.jpg,What colors are the flowers?
000000011.jpg,What is shown in the image?
000000015.jpg,asdf
000000015.jpg,sfd
000000015.jpg,sdf
000000015.jpg,as
000000015.jpg,sf
000000017.jpg,what is the person in the image riding?
000000017.jpg,What is the person in the image doing?
000000017.jpg,What is shown in the image?
000000017.jpg,What is this a card for?
000000017.jpg,What is the man in the image doing?
000000018.jpg,Is this camera digital?
000000018.jpg,What is shown in the image?
000000018.jpg,What brand is the camera?
000000018.jpg,What type of battery is in the picture?
000000018.jpg,What things come as a bonus when you buy the camera?
000000019.jpg,How many plates is the woman holding?
000000019.jpg,What is shown in the image?
000000019.jpg,What is the woman holding?
000000019.jpg,What kind of glasses are on the table?
000000019.jpg,What color shirt is the woman wearing?
000000020.jpg,How many objects in the image are purple?
000000020.jpg,how many kinds of makeup are in the image?
000000020.jpg,What is shown in the image?
000000020.jpg,Is there anything in the image that would normally be put on someone's lips?
000000020.jpg,How would you use the objects in the image?
000000021.jpg,Is the object in the image wood or metal?
000000021.jpg,What is on the floor?
000000021.jpg,What website is shown in the image?
000000021.jpg,What country was this picture likely taken in?
000000021.jpg,What is shown in the image?
000000022.jpg,Is the floor carpeted or hardwood?
000000022.jpg,How many bar stools are in the picture?
000000022.jpg,How many dining chairs are in the picture?
000000022.jpg,What is shown in the image?
000000022.jpg,Ihow many picture frames are in the image?
000000023.jpg,How many cards does it say to discard?
000000023.jpg,Who illustrated this card?
000000023.jpg,What is shown in the image?
000000023.jpg,Describe the monster in the image
000000023.jpg,What game is this card from?
000000024.jpg,What is shown in the image?
000000024.jpg,what kind of car is this?
000000024.jpg,was this image likely taken in the winter?
000000024.jpg,what color is the car?
000000024.jpg,what decade was this car likely made?
000000026.jpg,What do the people in the image do for a living?
000000026.jpg,What color coats are they wearing?
000000026.jpg,What brand shoes are they wearing?
000000026.jpg,What sport are these people likely watching?
000000026.jpg,What is shown in the image?
000000027.jpg,What animal is this?
000000027.jpg,Is this animal happy?
000000027.jpg,What is shown in the image?
000000027.jpg,Does the animal have its eyes closed or open?
000000027.jpg,Where does this animal live?
000000028.jpg,What kind of gem is in the ring?
000000028.jpg,is the item in this image expensive?
000000028.jpg,What is shown in the image?
000000028.jpg,How much is the ring in the photograph?
000000028.jpg,What is the ring made out of?
000000029.jpg,what country is this a map of?
000000029.jpg,What is shown in the image?
000000029.jpg,what color is the map on the wall?
000000029.jpg,What is holding the map on the wall?
000000029.jpg,What is the wall made out of?
000000031.jpg,When were the objects in the image most popular?
000000031.jpg,What kind of camera would create the objects in the image?
000000031.jpg,What is shown in the image?
000000031.jpg,is the front photograph lighter or darker than the one behind it?
000000031.jpg,how many photographs are shown in the image?
000000032.jpg,Is the movie in this poster well-reviewed?
000000032.jpg,What is this an advertisement for?
000000032.jpg,What is the title of the movie this poster is for?
000000032.jpg,How many people are shown in this poster?
000000032.jpg,What is shown in the image?
000000033.jpg,When is this report published?
000000033.jpg,What is the title of this report?
000000033.jpg,Is this a title page for a report?
000000033.jpg,How many names are in this page?
000000033.jpg,What are the names in this image?
000000034.jpg,What is shown in the image?
000000034.jpg,how many objects are hanging on the wall?
000000034.jpg,How many holes are in the red object?
000000034.jpg,What color is the wall painted?
000000034.jpg,What colors are the objects on the wall?
000000036.jpg,what does this website do?
000000036.jpg,What animal is the cartoon of?
000000036.jpg,how much is the service this website provides?
000000036.jpg,what website is this an image of?
000000036.jpg,What is shown in the image?
000000038.jpg,What is shown in the image?
000000038.jpg,What is the man on the left wearing?
000000038.jpg,What sport is the man on the left playing?
000000038.jpg,What color tie does the man on the right have on?
000000038.jpg,What is the man on the right wearing?
000000039.jpg,Would this image look good on my hot rod?
000000039.jpg,What would this decal go on?
000000039.jpg,How many colors are the in the image?
000000039.jpg,What is shown in the image?
000000039.jpg,Would the thing shown in the image be hot?
000000040.jpg,what color is the fruit?
000000040.jpg,What is shown in the image?
000000040.jpg,what fruit is in the image?
000000040.jpg,What is in the jar?
000000040.jpg,what website is the image from?
000000043.jpg,what color dog is in the image?
000000043.jpg,What is obscuring the dog in the image?
000000043.jpg,what kind of dog is in the image?
000000043.jpg,What is shown in the image?
000000043.jpg,What color is the background?
000000045.jpg,What game is this?
000000045.jpg,What war takes place in this game?
000000045.jpg,What console is this game for?
000000045.jpg,What is shown in the image?
000000045.jpg,What color is the box for this game?
000000048.jpg,What kind of tree is in the picture?
000000048.jpg,What season would it be if you received this card?
000000048.jpg,What is shown in the image?
000000048.jpg,What is under the tree?
000000048.jpg,When might one receive this card?
000000049.jpg,what is the shirt hanging on?
000000049.jpg,What type of pattern is the shirt?
000000049.jpg,What is shown in the image?
000000049.jpg,what color is the shirt?
000000049.jpg,What color is the hanger?
000000050.jpg,What is the graphic on the man's shirt?
000000050.jpg,what color are his pants?
000000050.jpg,where are the man's hands?
000000050.jpg,What is shown in the image?
000000050.jpg,What color is his shirt?
000000051.jpg,what color is the shirt?
000000051.jpg,What city does the team on the shirt play in?
000000051.jpg,What football team is represented on the shirt?
000000051.jpg,Is this shirt for a man or a woman?
000000051.jpg,What is shown in the image?
000000052.jpg,Is the object in the image art?
000000052.jpg,How are the matches in the image meant to be used?
000000052.jpg,What is shown in the image?
000000052.jpg,what color are the match heads?
000000052.jpg,Do the objects in the box get hot?
000000053.jpg,What is shown in the image?
000000053.jpg,Is there a musical instrument in the photo?
000000053.jpg,How many  white couches are shown?
000000053.jpg,Is there a dog in the photograph?
000000053.jpg,How many windows are in the image?
000000054.jpg,How would someone use the object in the image?
000000054.jpg,what color is the object?
000000054.jpg,is the object likely rigid or soft?
000000054.jpg,What is shown in the image?
000000054.jpg,what is this object made out of?
000000055.jpg,What is shown in the image?
000000055.jpg,what is the object on the magazine cover?
000000055.jpg,What is the magazine laying on?
000000055.jpg,What does the quilt in the image look like?
000000055.jpg,what is this magazine for?
000000056.jpg,What flags are in the image?
000000056.jpg,Is this pool indoors or outside?
000000056.jpg,What are the flags flying over?
000000056.jpg,What liquids are in the photo?
000000056.jpg,What is shown in the image?
000000057.jpg,what color is the house?
000000057.jpg,Could someone live in this?
000000057.jpg,What material is this house likely made of?
000000057.jpg,Are there couches in the image?
000000057.jpg,What is shown in the image?
000000058.jpg,What is shown in the image?
000000058.jpg,Is this jet large or small?
000000058.jpg,What color is the jet in the image?
000000058.jpg,does the plane in the image use a propellor or a jet engine?
000000058.jpg,What kind of facility was this photo taken at?
000000059.jpg,are there plants growing on the building?
000000059.jpg,what type of building is this?
000000059.jpg,What is shown in the image?
000000059.jpg,What is in front of the building shown?
000000059.jpg,what country was this country likely taken in?
000000060.jpg,What is shown in the image?
000000060.jpg,What is sitting on the rock in painting on the pillow?
000000060.jpg,is the object in the image soft?
000000060.jpg,What is the mermaid looking at?
000000060.jpg,what is drawn on the pillow?
000000061.jpg,what country was this photo taken in?
000000061.jpg,What is shown in the image?
000000061.jpg,What award did the man receive?
000000061.jpg,What actor is shown?
000000061.jpg,What is on the man's face?
000000062.jpg,What are the animals standing on?
000000062.jpg,What is shown in the image?
000000062.jpg,What type of animal are they?
000000062.jpg,How do the animals feel about each other?
000000062.jpg,What is in the background of the image?
000000063.jpg,What kind of camera takes the kind of photographs shown in the image?
000000063.jpg,Is the polaroid photo in in front lighter or darker than the one behind it?
000000063.jpg,What color is the background?
000000063.jpg,How many polaroid photographs are shown?
000000063.jpg,What is shown in the image?
000000064.jpg,what country was this photo taken in?
000000064.jpg,What is the man riding?
000000064.jpg,What is the man wearing?
000000064.jpg,Is the man doing something dangerous?
000000064.jpg,What is shown in the image?
000000066.jpg,What are the objects in the image used for?
000000066.jpg,Is there a lightbulb in the image?
000000066.jpg,What is shown in the image?
000000066.jpg,are the objects used in photography?
000000066.jpg,What company makes the items in the image?
000000068.jpg,what color is the plate?
000000068.jpg,What is shown in the image?
000000068.jpg,what is this a painting of?
000000068.jpg,What kind of fruit is this?
000000068.jpg,What are the grapes sitting on?
000000069.jpg,What object is knit in the image?
000000069.jpg,how was the drum made?
000000069.jpg,What is shown in the image?
000000069.jpg,What is the object made of?
000000069.jpg,what color is the background?
000000070.jpg,What is shown in the image?
000000070.jpg,what country are the men from?
000000070.jpg,What color shirt is the goalie wearing?
000000070.jpg,How many men are in the photograph?
000000070.jpg,What sport do these men play?
000000071.jpg,What is the title of this book?
000000071.jpg,What is this book about?
000000071.jpg,What is shown in the image?
000000071.jpg,Who wrote this book?
000000071.jpg,Could you find this object in a school?
000000072.jpg,What surrounds the pond in the image?
000000072.jpg,are there plants in the image?
000000072.jpg,What is shown in the image?
000000072.jpg,what kind of fish are shown?
000000072.jpg,How large is the pond shown?
000000073.jpg,What kind of bird is this?
000000073.jpg,What is shown in the image?
000000073.jpg,What is the bird doing?
000000073.jpg,what is the bird sitting on?
000000073.jpg,How many feet is the bird currently standing with?
000000074.jpg,Is this bookmark intended to be funny?
000000074.jpg,What is shown in the image?
000000074.jpg,what object is shown?
000000074.jpg,How might someone use this object?
000000074.jpg,What does the bookmark say?
000000075.jpg,Is there a dark rectangle in both polaroids?
000000075.jpg,Is one of the polaroids tilted?
000000075.jpg,Is this a polaroid stacked on another polaroid?
000000075.jpg,How many polaroids are there in this image?
000000075.jpg,Are the 2 polaroids in this image?
000000076.jpg,what would you use this for?
000000076.jpg,How many squares are im front of the metal rods?
000000076.jpg,What are the items made of?
000000076.jpg,Is there a car in the image?
000000076.jpg,What is shown in the image?
000000077.jpg,Are the people happy in the image?
000000077.jpg,What color shirt is the man wearing?
000000077.jpg,What kind of pants are the couple wearing?
000000077.jpg,What color shirt is the woman wearing?
000000077.jpg,What is shown in the image?
000000079.jpg,What is shown in the image?
000000079.jpg,Is there a rainbow?
000000079.jpg,What is the picture on the book of?
000000079.jpg,Are there animals in the image?
000000079.jpg,Is this for children or adults?
000000080.jpg,What is the woman wearing?
000000080.jpg,What is the woman doing?
000000080.jpg,Does the man have a weapon?
000000080.jpg,What is shown in the image?
000000080.jpg,What kind of weapon does the man have?
000000081.jpg,What is shown in the image?
000000081.jpg,What president is shown in the painting on the wall?
000000081.jpg,Where was this photo taken?
000000081.jpg,Was this photo taken at the white house?
000000081.jpg,What shape is the table?
000000082.jpg,Is the shirt long or short-sleeved?
000000082.jpg,what is drawn on the shirt?
000000082.jpg,What color is the shirt?
000000082.jpg,What kind of animal is on the shirt?
000000082.jpg,What is shown in the image?
000000084.jpg,Is this for a movie or a book?
000000084.jpg,How many people are on this poster?
000000084.jpg,What is shown in the image?
000000084.jpg,What is this an advertisement for?
000000084.jpg,What is the man in the center wearing?
000000086.jpg,What kind of animal is shown in this painting?
000000086.jpg,What colors are used for the buffalo?
000000086.jpg,Does this animal have a tail?
000000086.jpg,Does this animal have horns?
000000086.jpg,What is shown in the image?
000000089.jpg,What actors are in the image?
000000089.jpg,What languages are in the photo?
000000089.jpg,What movie is this image from?
000000089.jpg,What is shown in the image?
000000089.jpg,What country are the missiles shown from?
000000091.jpg,What is shown in the image?
000000091.jpg,What are the squirrels on top of?
000000091.jpg,What kind of animal are these meant to be?
000000091.jpg,What are the squirrels made of?
000000091.jpg,how many squirrels are there?
000000092.jpg,When was this photo likely taken?
000000092.jpg,Where was this photo taken?
000000092.jpg,What year was this car made?
000000092.jpg,What is shown in the image?
000000092.jpg,What kind of car is this?
000000093.jpg,What city is this from?
000000093.jpg,Are there buildings in this image?
000000093.jpg,Are there cars in this image?
000000093.jpg,What type of road is this?
000000093.jpg,What is shown in the image?
000000094.jpg,What is the man doing with his fingers?
000000094.jpg,What is the man holding?
000000094.jpg,What shape is the object the man is holding?
000000094.jpg,what is the man wearing?
000000094.jpg,What is shown in the image?
000000095.jpg,Is the object in this image darker than the background?
000000095.jpg,What color is the rectangular object in this image?
000000095.jpg,How many objects are in this image?
000000095.jpg,What shape is the black object?
000000095.jpg,Is the object in this image rectangular?
000000097.jpg,What is shown in the image?
000000097.jpg,What type of animal is this?
000000097.jpg,Do people eat this kind of animal?
000000097.jpg,Is this animal a mammal?
000000097.jpg,Is this animal a bird?
000000099.jpg,What color is the shirt?
000000099.jpg,What kind of clothing is shown?
000000099.jpg,What is shown in the image?
000000099.jpg,Is this shirt casual or formal?
000000099.jpg,Would this shirt have short or long sleeves?
000000100.jpg,What types of fruit are shown?
000000100.jpg,What are the fruits in?
000000100.jpg,What are the blue fruits?
000000100.jpg,What are the red fruits?
000000100.jpg,What is shown in the image?
000000102.jpg,What is the woman holding?
000000102.jpg,What color shirt is the woman wearing?
000000102.jpg,Is the woman smiling or frowning?
000000102.jpg,What is shown in the image?
000000102.jpg,Is the woman's hair long?
000000103.jpg,Is there a body of water in the image?
000000103.jpg,Is there a tabl;e in the image?
000000103.jpg,What is shown in the image?
000000103.jpg,Is there a dog in the image?
000000103.jpg,Is there pottery in the image?
000000104.jpg,What colors are on the plane?
000000104.jpg,is this jet most likely commercial or private?
000000104.jpg,What is shown in the image?
000000104.jpg,What type of engine does this airplane have?
000000104.jpg,What country was this image taken in?
000000105.jpg,What is shown in the image?
000000105.jpg,What season is it in the photo?
000000105.jpg,Is the pool deep?
000000105.jpg,what shapes are in the pool?
000000105.jpg,Is there water in the image?
000000106.jpg,What is the toy holding?
000000106.jpg,What character does the toy represent?
000000106.jpg,what hairstyle does the man have?
000000106.jpg,What movie is this toy from?
000000106.jpg,What is shown in the image?
000000107.jpg,What is shown in the image?
000000107.jpg,what is this image used for?
000000107.jpg,Are there tools in this image?
000000107.jpg,Would this be difficult to assemble?
000000107.jpg,How many objects are in the image?
000000108.jpg,What brand is this top?
000000108.jpg,what kind of weather is this shirt for?
000000108.jpg,What kind of activity could this shirt be worn for?
000000108.jpg,Is this shirt mostly for men or women?
000000108.jpg,What is shown in the image?
000000110.jpg,Is this vehicle made for off-road driving?
000000110.jpg,What type of environment are they driving through?
000000110.jpg,What color is the vehicle?
000000110.jpg,What is shown in the image?
000000110.jpg,What kind of vehicle is in the image?
000000111.jpg,Is this image for a test?
000000111.jpg,What is shown in the image?
000000111.jpg,What color hair does the girl have?
000000111.jpg,is there a book cover in the image?
000000111.jpg,Who wrote the book in the image?
000000112.jpg,How many feet does the machine have?
000000112.jpg,What is shown in the image?
000000112.jpg,what is the machine made of?
000000112.jpg,Is this machine commonly found in homes?
000000112.jpg,What color powders are in the dishes?
000000113.jpg,Does this drink look refreshing?
000000113.jpg,Is this a drink?
000000113.jpg,What is shown in the image?
000000113.jpg,is this a soup?
000000113.jpg,What kind of fruit is on the edge of the glass?
000000114.jpg,What is shown in the image?
000000114.jpg,Does this building look old?
000000114.jpg,What is the wall made of?
000000114.jpg,What color is the sign?
000000114.jpg,What color is the text on the sign?
000000115.jpg,Is there musical notation in the image?
000000115.jpg,What is the violin resting on?
000000115.jpg,What is shown in the image?
000000115.jpg,What shape is the checkered object?
000000115.jpg,What instrument is shown?
000000117.jpg,Is there a cat in the photo?
000000117.jpg,What type of object is this?
000000117.jpg,What is shown in the image?
000000117.jpg,Would you find this object in a living room?
000000117.jpg,Is the object soft?
000000118.jpg,what are the logos around the phone?
000000118.jpg,what color is the phone?
000000118.jpg,Is the phone apple or android?
000000118.jpg,What is shown in the image?
000000118.jpg,can you make phoneclass with the object in the image?
000000119.jpg,What is this book about?
000000119.jpg,is this a book or a movie?
000000119.jpg,What is shown in the image?
000000119.jpg,What vegetables are shown?
000000119.jpg,How many plants do you see?
000000120.jpg,What is shown in the image?
000000120.jpg,What color hair does the person in the drawing have?
000000120.jpg,what is the person wearing on their face?
000000120.jpg,what is this a drawing of?
000000120.jpg,Is this a photograph or a drawing?
000000121.jpg,What planet is shown in the image?
000000121.jpg,What is shown in the image?
000000121.jpg,Is there a planet in the image?
000000121.jpg,What object related to computers is shown in the image?
000000121.jpg,Is there a dog in the image?
000000125.jpg,What is on the hangar?
000000125.jpg,what color is the shirt?
000000125.jpg,What is shown in the image?
000000125.jpg,Is the shirt long or short sleeved?
000000125.jpg,What is on the shirt?
000000126.jpg,What is shown in the image?
000000126.jpg,What instrument is the man playing?
000000126.jpg,What color shirt is the man wearing?
000000126.jpg,What kind of building is this man in?
000000126.jpg,Does this man like to sing?
000000127.jpg,What is shown in the image?
000000127.jpg,what language is this book in?
000000127.jpg,Is this book related to medical care?
000000127.jpg,What color is the book cover?
000000127.jpg,What is this book for?
000000128.jpg,What type of sport is this uniform for?
000000128.jpg,what team is this jersey for?
000000128.jpg,What number is on the uniform?
000000128.jpg,What is shown in the image?
000000128.jpg,What color is this jersey?
000000129.jpg,What color is the carpet?
000000129.jpg,What is shown in the image?
000000129.jpg,What color is the canvas?
000000129.jpg,"Is the zipper open, closed, or in-between?"
000000129.jpg,what kind of dog is drawn?
000000130.jpg,What color is the flag?
000000130.jpg,Is there a fish in the image?
000000130.jpg,Is this a toy?
000000130.jpg,what powers this tpy boat?
000000130.jpg,What is shown in the image?
000000131.jpg,How many chairs are in this image?
000000131.jpg,How many people are in this image?
000000131.jpg,What is the weather like in this image?
000000131.jpg,Is this an outdoor setting?
000000131.jpg,Is there a fence in this image?
000000132.jpg,Are these objects made of wood?
000000132.jpg,What material are these objects made of?
000000132.jpg,How many objects are in this image?
000000132.jpg,How many cubes are in this image?
000000132.jpg,Are there any cubes in this image?
000000133.jpg,What color is the arm brace in this image?
000000133.jpg,What is the color of the skin of the arm?
000000133.jpg,How many fingers are on the hand?
000000133.jpg,How many arms are in this image?
000000133.jpg,Is there an arm in this image?
000000135.jpg,How many circles are in this image
000000135.jpg,How many lines are in the image on the left?
000000135.jpg,Is there a makeup kit in this image?
000000135.jpg,Is there a white circle in this image?
000000135.jpg,How many makeup colors are in this image?
000000136.jpg,What color is the paper bag on her head?
000000136.jpg,How many windows are behind the woman?
000000136.jpg,What is the woman wearing on her he4ad?
000000136.jpg,Is the woman wearing a sweater?
000000136.jpg,Why is the woman wearing a paper bag?
000000139.jpg,What color is the background?
000000139.jpg,How many words are in this image?
000000139.jpg,What color is the word in the middle of the image?
000000139.jpg,Is the word dessert in this image?
000000139.jpg,Is the word chocolat in this image?
000000140.jpg,What color is the background?
000000140.jpg,What material is this jacket made from?
000000140.jpg,Are there pockets in this jacket?
000000140.jpg,How big is this jacket?
000000140.jpg,What color is this jacket?
000000141.jpg,What color is the liquid in these bottles?
000000141.jpg,Are the bottles made from glass?
000000141.jpg,How many bottles are in this image?
000000141.jpg,Does the bottle contain olive oil?
000000141.jpg,Is the word Oregon in this image?
000000142.jpg,Is the world gabion in this image?
000000142.jpg,Is the word Jinlida in this image?
000000142.jpg,What does the watermark say in this image?
000000142.jpg,How many colorss are in this image?
000000142.jpg,Is there n industrial machine in this image?
000000143.jpg,What color is the background?
000000143.jpg,Is this a wool jacket?
000000143.jpg,Is there a zipper on this jacket?
000000143.jpg,What material is this jacket made of?
000000143.jpg,Are the sleeves longer than the jacket?
000000144.jpg,What is outside the window?
000000144.jpg,Is this a window?
000000144.jpg,Is the window opened?
000000144.jpg,Are there trees outside the window?
000000144.jpg,How many rectangles are in the window?
000000145.jpg,What is in this image?
000000145.jpg,Is the door the same color as the background?
000000145.jpg,What color is the door?
000000145.jpg,How many rectangles are on this door?
000000145.jpg,Is this a door?
000000146.jpg,"Are the red, white and blue stripes in this image?"
000000146.jpg,Is the floor dirty in this image?
000000146.jpg,What words are in this image?
000000146.jpg,How many lemons are in this image?
000000146.jpg,Does the image say The Stone Roses?
000000147.jpg,Is the man standing behind a comic-con background?
000000147.jpg,Is the man wearing glasses?
000000147.jpg,What color is the background?
000000147.jpg,How many people are in this image?
000000147.jpg,What color is the shirt the man is wearing?
000000149.jpg,What color are the balloons?
000000149.jpg,Is this outdoors or indoors?
000000149.jpg,Is the sky blue and clear?
000000149.jpg,How many balloons are in this image?
000000149.jpg,Are there trees in this image?
000000150.jpg,IS the woman wearing glasses?
000000150.jpg,What pose is the woman performing?
000000150.jpg,Is the woman smiling or frowning?
000000150.jpg,Is the woman striking a pose?
000000150.jpg,What color is the woman's attire?
000000151.jpg,Is the girl wearing glasses?
000000151.jpg,How many people are in this image?
000000151.jpg,How old is the person in this image?
000000151.jpg,What color is the background?
000000151.jpg,What color is the dress?
000000152.jpg,What is the man wearing?
000000152.jpg,Is this photo outside an office building?
000000152.jpg,What is the man looking at?
000000152.jpg,What is the man doing?
000000152.jpg,Is this an office worker?
000000153.jpg,What can you weigh with this scale?
000000153.jpg,what does this object do?
000000153.jpg,What is shown in the image?
000000153.jpg,What color is the scale?
000000153.jpg,how old is this object?
000000155.jpg,What color are the wheels?
000000155.jpg,What color are the handlebars on this scooter?
000000155.jpg,What colors are on this scooter?
000000155.jpg,What object is in this image?
000000155.jpg,How many wheels are on this scooter?
000000156.jpg,How many pieces of fabric are in this image?
000000156.jpg,What color is this outfit?
000000156.jpg,What color is this saree?
000000156.jpg,What pattern is the saree showing?
000000156.jpg,What outfit is this?
000000157.jpg,What shape is this object?
000000157.jpg,What color is the outer ring?
000000157.jpg,Is there a word in this image?
000000157.jpg,What object is this?
000000157.jpg,How many circles are in this image?
000000158.jpg,Is the sun in this image?
000000158.jpg,How is the weather in this image?
000000158.jpg,Where is this image taken?
000000158.jpg,Is this indoors or outdoors?
000000158.jpg,Is there a night sky in this image?
000000159.jpg,Is this image profane?
000000159.jpg,Is this image profane?
000000159.jpg,What color is the background?
000000159.jpg,What color is the shirt the woman is wearing?
000000159.jpg,How many people are in this image?
000000160.jpg,How many cats are there?
000000160.jpg,What animal is in this image?
000000160.jpg,What is this a drawing of?
000000160.jpg,What color is the cat?
000000160.jpg,Is the cat wearing a scarf?
000000162.jpg,What is the name in this image?
000000162.jpg,Is there a book in this image?
000000162.jpg,How many people are in this image?
000000162.jpg,How many books are in this image?
000000162.jpg,Is Abraham Lincoln in this image?
000000163.jpg,What color is the helmet?
000000163.jpg,Why is the office lady wearing a helmet?
000000163.jpg,How many people are in this image?
000000163.jpg,Is the lady wearing glasses?
000000163.jpg,Is this lady an engineer?
000000164.jpg,How many lampshades are in this image?
000000164.jpg,What objects are in this image?
000000164.jpg,Are there people in this image?
000000164.jpg,How are the objects arranged in this image?
000000164.jpg,What color are the lampshades?
000000165.jpg,Is the lady indoors or outdoors?
000000165.jpg,What outfit is the lady wearing?
000000165.jpg,Is the lady smiling?
000000165.jpg,How many people are in this image?
000000165.jpg,What color is her hair?
000000167.jpg,Are there any shapes in this image?
000000167.jpg,How many objects are there?
000000167.jpg,Are there any circles in this image?
000000167.jpg,Are there any words or letters in this image?
000000167.jpg,How many colors are in this image?
000000168.jpg,Does the image say VRP Gamechangers?
000000168.jpg,Are these buusiness cards?
000000168.jpg,How many black circles are in this image?
000000168.jpg,Are there any people in this image?
000000168.jpg,How many objects are in this image?
000000169.jpg,What color are these objects?
000000169.jpg,Are the circles on these earrings?
000000169.jpg,Are these earrings made of gold?
000000169.jpg,What do these earrings look like?
000000169.jpg,What objects are these?
000000170.jpg,What is this man wearing?
000000170.jpg,Is this man wearing a polo shirt?
000000170.jpg,Is this man smiling or frowning?
000000170.jpg,What color is this man's shirt?
000000170.jpg,What color are his pants?
000000171.jpg,How many cars are in this image?
000000171.jpg,Is this a blank canvas?
000000171.jpg,How many animals are in this image?
000000171.jpg,Are there any objects in this image?
000000171.jpg,How many people are in this image?
000000172.jpg,What color is this nightgown?
000000172.jpg,Is this a nightgown?
000000172.jpg,What outfit is this?
000000172.jpg,What color is this outfit?
000000172.jpg,Are there flower patterns on this nightgown?
000000173.jpg,What color is this outfit?
000000173.jpg,Are there long sleeves on this outfit?
000000173.jpg,What outfit is this?
000000173.jpg,Are there shorts or pants in this image?
000000173.jpg,Is this outfit for football?
000000174.jpg,Are these candles or bowls?
000000174.jpg,How many bowls are in this image?
000000174.jpg,What objects are in this iamge?
000000174.jpg,What color are the candles in this image?
000000174.jpg,Are these objects on wooden surface?
000000176.jpg,Is this shirt for sports?
000000176.jpg,What color is this shirt?
000000176.jpg,Does the shirt say Austin?
000000176.jpg,What number is on this shirt?
000000176.jpg,How many shirts are in this image?
000000177.jpg,How long is her skirt?
000000177.jpg,What color is her outfit?
000000177.jpg,What color is her hair?
000000177.jpg,Is she indoors or outdoors?
000000177.jpg,What pose is she striking?
000000179.jpg,Is this a logo?
000000179.jpg,How many words are in this image?
000000179.jpg,Are these words in German?
000000179.jpg,How many people are in this photo?
000000179.jpg,Does the picture say Hagel Shop?
000000180.jpg,Are there any words on this jacket?
000000180.jpg,Are there red stripes on the jacket?
000000180.jpg,Is this a shirt or a jacket?
000000180.jpg,What color is this jacket?
000000180.jpg,What outfit is this?
000000182.jpg,What color is this object?
000000182.jpg,Is this a couch?
000000182.jpg,What is this object?
000000182.jpg,What is this object made for?
000000182.jpg,What do humans use this object for?
000000183.jpg,What type of food is this?
000000183.jpg,Is there lime in the photo?
000000183.jpg,Is there corn in the bowl?
000000183.jpg,What is shown in the image?
000000183.jpg,Are there geen onions in the photo?
000000184.jpg,What object is this?
000000184.jpg,What are the handlebars for?
000000184.jpg,Can a person stand on this treadmill?
000000184.jpg,What color is this treadmill?
000000184.jpg,Are there people on this treadmill?
000000185.jpg,Are there a lot of glass beads?
000000185.jpg,What color is the heart shape in this image?
000000185.jpg,What shape can you deduce from this image?
000000185.jpg,Is there a wooden panel behind the heart?
000000185.jpg,Is this a love or heart shape?
000000186.jpg,What color are these shoes?
000000186.jpg,What objects are these?
000000186.jpg,How many shoes are in this image?
000000186.jpg,How many pair of shoes are in this photo?
000000186.jpg,Are these shoes for sports or office work?
000000188.jpg,What pattern is on this object?
000000188.jpg,What shape is this?
000000188.jpg,What colors are present on this purse?
000000188.jpg,What object is this?
000000188.jpg,Is this likely to be a purse?
000000190.jpg,Is this a drawing?
000000190.jpg,How many animals are in this drawing?
000000190.jpg,What animals are present in this drawing?
000000190.jpg,Are there any other colors in this drawing?
000000190.jpg,What words are present in this drawing?
000000192.jpg,How many colors of poker chips are there?
000000192.jpg,How many types of poker chips are in this photo?
000000192.jpg,What are these chips used for?
000000192.jpg,Is this image taken in a casino?
000000192.jpg,Are there cards in this image?
000000193.jpg,What kind of logos are these?
000000193.jpg,How many icons are in this image?
000000193.jpg,What are these logos used for?
000000193.jpg,How many logos are there in this photo?
000000193.jpg,How many objects are in this image?
000000194.jpg,Where is the bush in this photo?
000000194.jpg,What color is the garage door?
000000194.jpg,How many buildings are there?
000000194.jpg,What color is the building?
000000194.jpg,Is this indoors or outdoors?
000000195.jpg,What pattern is this image exhibiting?
000000195.jpg,What color is present in this image?
000000195.jpg,Is this a painting or a towel?
000000195.jpg,Is this a floormat?
000000195.jpg,What shapes are present in this image?
000000196.jpg,What apparel is this?
000000196.jpg,What object is this?
000000196.jpg,How many pockets are on these shorts?
000000196.jpg,Are these jeans or shorts?
000000196.jpg,What color are these shorts?
000000197.jpg,What color are the bars?
000000197.jpg,How many green bars are in this plot?
000000197.jpg,Which bar is the highest?
000000197.jpg,What is the highest rent?
000000197.jpg,What does this plot represent?
000000198.jpg,What color are the horses?
000000198.jpg,How many people are in this photo?
000000198.jpg,What animals are present?
000000198.jpg,How many horses are in this picture?
000000198.jpg,What event is taking place in this photo?
000000199.jpg,What book is this?
000000199.jpg,What is this book about?
000000199.jpg,What color is this book?
000000199.jpg,What is the title of this book?
000000199.jpg,Who is the author?
000000200.jpg,What color is this chair?
000000200.jpg,How many legs does this chair have?
000000200.jpg,How many chairs are in this photo?
000000200.jpg,Is this an advertisement or a poster?
000000200.jpg,What object is in this photo?
000000201.jpg,Are the any other objects in this photo?
000000201.jpg,What text is shwon in this photo?
000000201.jpg,What number does this photo show?
000000201.jpg,What is advertised in this photo?
000000201.jpg,How many colors are in this photo?
000000202.jpg,What color is this logo?
000000202.jpg,What kind of weight scale is this?
000000202.jpg,What month is shown in this logo?
000000202.jpg,Is this a logo or a poster?
000000202.jpg,What objects are present in this photo?
000000203.jpg,What objects are in this photo?
000000203.jpg,What kind of shapes are on these shoes?
000000203.jpg,What kind of shoes are these?
000000203.jpg,Are these sandas or shoes?
000000203.jpg,What color are these shoes?
000000205.jpg,How many items are present in this photo?
000000205.jpg,What color are these items?
000000205.jpg,Are these silverware or ceramic?
000000205.jpg,What items are present in this photo?
000000205.jpg,How many plates are in this photo?
000000206.jpg,Is the color red present?
000000206.jpg,What colorsa are present in this photo?
000000206.jpg,How many squaares are in this photo?
000000206.jpg,Are these squares or rectangles?
000000206.jpg,How many people are in this photo?
000000207.jpg,How many pictures are in this image?
000000207.jpg,How many people are present in the picture?
000000207.jpg,What is the setting on the left and the right?
000000207.jpg,What color is the pool in the photo?
000000207.jpg,What is happening in this image?
000000208.jpg,Is the lady smiling or forwning?
000000208.jpg,What color is her hair?
000000208.jpg,What outfit is she wearing?
000000208.jpg,What color is her outfit?
000000208.jpg,Is the lady staring at the camera?
000000209.jpg,How many cylinders are present in this photo?
000000209.jpg,What material are these cylinders made of?
000000209.jpg,Which rod is the biggest in this photo?
000000209.jpg,What objects are these?
000000209.jpg,Are these metal rods or wooden rods?
000000211.jpg,Are there any humans present in this image?
000000211.jpg,Is this indoors or outdoors?
000000211.jpg,Is this a painting or a photo?
000000211.jpg,What color are the roofs?
000000211.jpg,What color are the buildings?
000000212.jpg,Where is the lamp in this image?
000000212.jpg,What color are the paintings?
000000212.jpg,How many paintings are in this image?
000000212.jpg,What are the objects present in this image?
000000212.jpg,How many objects are in this iamge?
000000214.jpg,What is this image portraying?
000000214.jpg,Is the person a fairy or a demon?
000000214.jpg,How many people are in this image?
000000214.jpg,What color is her outfit?
000000214.jpg,Who is the person in this image?
000000215.jpg,What is the bartender doing?
000000215.jpg,How many people are in this image?
000000215.jpg,What is the man doing?
000000215.jpg,What is the man wearing?
000000215.jpg,Where is this photo taken?
000000216.jpg,What item is in this image?
000000216.jpg,How many straps are on this bag?
000000216.jpg,What color is this bag?
000000216.jpg,How many bags are in this image?
000000216.jpg,What is this item used for?
000000217.jpg,Is this photo taken indoors or outdoors?
000000217.jpg,What is the object in this image?
000000217.jpg,Are there any people present in this photo?
000000217.jpg,What color is this photo?
000000217.jpg,Where is this photo taken?
000000218.jpg,How many shapes are in this photo?
000000218.jpg,What kind of document is this?
000000218.jpg,What is this document used for?
000000218.jpg,How many colors are present in this image?
000000218.jpg,Is this a certificate or a book?
000000219.jpg,What are these people doing in this photo?
000000219.jpg,Are these people wearing glasses?
000000219.jpg,What color are their outfits?
000000219.jpg,How many people are in this photo?
000000219.jpg,What outfits are these people wearing?
000000220.jpg,How many women are present in this photo?
000000220.jpg,Who is standing and who is sitting?
000000220.jpg,What kind of apparel are these women wearing?
000000220.jpg,What is the color of their outfit?
000000220.jpg,Who is wearing a white outfit?
000000222.jpg,What color are these objects?
000000222.jpg,What kind of logos are on these lollipops?
000000222.jpg,How many lollipops are in this image?
000000222.jpg,What objects are these?
000000222.jpg,What are these items used for?
000000223.jpg,What is this paper used for?
000000223.jpg,What colors are present in this image?
000000223.jpg,What objects are in this image?
000000223.jpg,Is there are crescent moon on this paper?
000000223.jpg,Is this a drawing or a document?
000000224.jpg,What color is his hair?
000000224.jpg,Who is the protagonist on this book cover?
000000224.jpg,How many people are in this drawing?
000000224.jpg,Is this a book cover or a poster?
000000224.jpg,What is this image trying to advertise?
000000225.jpg,How many objects are in this image?
000000225.jpg,What kind of tool is this?
000000225.jpg,Where are the screws in this image?
000000225.jpg,What are these pieces made from?
000000225.jpg,What are these tools used for?
000000226.jpg,Is this area crowded or empty?
000000226.jpg,Is this photo taken indoors or outdoors?
000000226.jpg,Is this a cinema or a concert arena?
000000226.jpg,Where are the people in this photo?
000000226.jpg,Where is the poster in this image?
000000227.jpg,Are these women indoors or outdoors?
000000227.jpg,How many people are in this photo?
000000227.jpg,What color are the walls?
000000227.jpg,Are these women skinny or fat?
000000227.jpg,What color is the couch?
000000232.jpg,What color are the shopping bags?
000000232.jpg,How many shopping bags is lady holding?
000000232.jpg,What outfit is the lady wearing?
000000232.jpg,Is she wearing a hat or a fedora?
000000232.jpg,What color is her shirt?
000000233.jpg,What are the fabrics used for?
000000233.jpg,What color are the towels?
000000233.jpg,Who is in this photo?
000000233.jpg,What kind of objects are in this image?
000000233.jpg,Are these socks or towels?
000000235.jpg,What color is the keychain?
000000235.jpg,Is this a keychain or a necklace?
000000235.jpg,Where are the people in this image?
000000235.jpg,How many objects are in this image?
000000235.jpg,What does the logo on the keychain represent?
000000236.jpg,What is the difference between all 4 logos in this image?
000000236.jpg,What are these logos used for?
000000236.jpg,What color are these logos?
000000236.jpg,How many logos are in this image?
000000236.jpg,Is there a basketball in these logos?
000000238.jpg,Where is this photo taken?
000000238.jpg,What is the man wearing?
000000238.jpg,What does this poster advertise?
000000238.jpg,What is the title of this poster?
000000238.jpg,How many people are in this photo?
000000239.jpg,What is the color of the man's shirt from the left?
000000239.jpg,How many men are in this photo?
000000239.jpg,How many women are in this photo?
000000239.jpg,What outfits are these people wearing?
000000239.jpg,How many people are in this photo?
000000240.jpg,Where are the chairs in this photo?
000000240.jpg,Is this photo taken indoors or outdoors?
000000240.jpg,Where are the windows in this room?
000000240.jpg,What color are the walls?
000000240.jpg,What objects are present in this room?
000000243.jpg,What color is this ring?
000000243.jpg,What kind of jewel is on this ring?
000000243.jpg,What is this object in the photo?
000000243.jpg,IS the ring dull or reflective?
000000243.jpg,What shape is the jewel on this ring?
000000244.jpg,What is this infographic used for?
000000244.jpg,What color are the lines in this image?
000000244.jpg,What color is the graph?
000000244.jpg,What does this infographic represent?
000000244.jpg,What trend is the graph showing?
000000245.jpg,What religion does this image represent?
000000245.jpg,What color is this photo?
000000245.jpg,Where is this quote from?
000000245.jpg,What is this quote use for?
000000245.jpg,What objects are in this photo?
000000246.jpg,How many people are in this photo?
000000246.jpg,Where is the ice in this photo?
000000246.jpg,Where are the liquor bottles in this photo?
000000246.jpg,What kind of equipment is in this photo?
000000246.jpg,Where are the drinking glasses in this photo?
000000247.jpg,Where are the coolest people from?
000000247.jpg,What does the gift card say in its front page?
000000247.jpg,What color is this postcard?
000000247.jpg,What does the postcard say about people from Maine?
000000247.jpg,What object is present in this image?
000000249.jpg,What is the title of this book?
000000249.jpg,What is the plot of this book?
000000249.jpg,How many characters are on the cover of this book?
000000249.jpg,Where is Peter Pan on this book cover?
000000249.jpg,Who are the cahracters on the cover of this book?
000000251.jpg,How many people are in this photo?
000000251.jpg,What is the woman wearing pink doing?
000000251.jpg,Where is the boy in this photo?
000000251.jpg,Which continent is this photo taken?
000000251.jpg,What color are their clothes?
000000254.jpg,Who is this document for?
000000254.jpg,What color is this document?
000000254.jpg,What does this document say?
000000254.jpg,What is the title of this document?
000000254.jpg,Where is the title of this document?
000000255.jpg,What is weird about this photo?
000000255.jpg,Which letters are distorted in this photo?
000000255.jpg,How many alphabets are in this photo?
000000255.jpg,Are these english alphabets?
000000255.jpg,What color is the background?
000000256.jpg,Are these pages from a book or a website?
000000256.jpg,What name is on this document?
000000256.jpg,What kind of document is this?
000000256.jpg,What language is the title of the page on the left?
000000256.jpg,Where is the picture on the right taken? Indoors or outdoors?
000000257.jpg,What is this woman doing?
000000257.jpg,How many people are in this image?
000000257.jpg,What color are her clothes?
000000257.jpg,What is her name?
000000257.jpg,Is the woman holding a microphone on her left hand or right hand?
000000258.jpg,What do these logos stand for?
000000258.jpg,How many logos are in this image?
000000258.jpg,Where is the bitcoin logo in this image?
000000258.jpg,What color are these logos?
000000258.jpg,Where is the Ethereum logo in this image?
000000259.jpg,Is the object burning in this image?
000000259.jpg,What is this object used for?
000000259.jpg,What is happening in this photo?
000000259.jpg,What color is the background?
000000259.jpg,Is this a candle or a firework?
000000262.jpg,Where is the cleaning lady in this drawing?
000000262.jpg,What color are their outfits?
000000262.jpg,How many people are present in this drawing?
000000262.jpg,Who is the author on this book cover?
000000262.jpg,What outfits are these people wearing?
000000263.jpg,Where are the maps in this photo?
000000263.jpg,Where is this photo taken?
000000263.jpg,Where is this photo of a bridge taken?
000000263.jpg,What kind of structure is in this photo?
000000263.jpg,Is this photo taken during the day or night?
000000264.jpg,What food is in this photo?
000000264.jpg,Whre is the chopping board in this photo?
000000264.jpg,What is the burger sitting on?
000000264.jpg,What objects are present in this image?
000000264.jpg,How many burgers are in this photo?
000000265.jpg,Whre are the people in this photo?
000000265.jpg,What kind of pattern does the pillow have?
000000265.jpg,How many pillows are in this photo?
000000265.jpg,What color is this pillow?
000000265.jpg,What object is this?
000000268.jpg,what is date on the image ?
000000268.jpg,is the peron on the image is white or black ?
000000268.jpg,what does the person looks like ?
000000268.jpg,what is the ads on the image ?
000000268.jpg,what is the name of the person on the image ?
000000269.jpg,How many wheel on the object ?
000000269.jpg,what is the object on the image ?
000000269.jpg,what is the brand of the image ?
000000269.jpg,How many carts baby on the image ?
000000269.jpg,what is the color of the object ?
000000270.jpg,what is coming soon ?
000000270.jpg,what is the font on the image ?
000000270.jpg,what does MMC stand for ?
000000270.jpg,what is the caption on the imageÂ ?
000000270.jpg,what is the date on the image ?
000000271.jpg,How many cops on the image ?
000000271.jpg,what many guns on the image ?
000000271.jpg,How many cap on the image ?
000000271.jpg,how many sunglasses on the image ?
000000271.jpg,what are theses cops looking at ?
000000272.jpg,How many shirts on the image ?
000000272.jpg,what is the color of necklace on the image ?
000000272.jpg,How many necklace on the image ?
000000272.jpg,How long is the necklace on the image ?
000000272.jpg,what are the shirts color on the image ?
000000273.jpg,what is the color on the image ?
000000273.jpg,does the Star on the image is the Star of David ?
000000273.jpg,what is the object on the image ?
000000273.jpg,what does this image mean ?
000000273.jpg,what shape is the image ?
000000274.jpg,Are there any trees ?
000000274.jpg,What color is building ?
000000274.jpg,what kind of tree is there ?
000000274.jpg,is there a pool ?
000000274.jpg,How many building on the image ?
000000275.jpg,How old is this image ?
000000275.jpg,is the water fresh on the image ?
000000275.jpg,what does the image look like ?
000000275.jpg,How many stones on the image ?
000000275.jpg,does the water on the image goes up or down ?
000000276.jpg,How many books on the image ?
000000276.jpg,How many table on the image ?
000000276.jpg,How color is the room ?
000000276.jpg,what are the names of the book at the image ?
000000276.jpg,How many chair on the image ?
000000278.jpg,Does the caption on the image say any wisdom ?
000000278.jpg,What does the font on image ?
000000278.jpg,What does the caption on the image ? 
000000278.jpg,What color is caption on the image ?
000000278.jpg,What does the caption say on the image ?
000000279.jpg,what is the color of the shoes on the image ?
000000279.jpg,what is the color of the shirt ?
000000279.jpg,What is the color of the shoes on the image ?
000000279.jpg,How many shoes on the image ?
000000279.jpg,How long is the person of the image ?
000000280.jpg,How many colors on the image ?
000000280.jpg,where is the image taken from ?
000000280.jpg,How many home on the image ?
000000280.jpg,How big is the fireworks on the image ?
000000280.jpg,is there lake on the image ?
000000281.jpg,Where I can buy this bag from ?
000000281.jpg,How many bucket on the bag ? 
000000281.jpg,does this bag fit 15 inch labtop ?
000000281.jpg,what is this bag used for ?
000000281.jpg,How big is the bag ?
000000282.jpg,What is the color of the car ?
000000282.jpg,Is this car luxury ?
000000282.jpg,What year is the carÂ ?
000000282.jpg,What model is the car ?
000000282.jpg,Where the plate of the car from ?
000000283.jpg,what is this image ?
000000283.jpg,Does the person smile on the image ?
000000283.jpg,What is ANDBOOK ?
000000283.jpg,Is this painting on the image ?
000000283.jpg,Is there a person on the image ?
000000285.jpg,What is the color of this helmet ?
000000285.jpg,Where I can buy this helmet?
000000285.jpg,What is the brand of this helmet ?
000000285.jpg,Is this helmet for motorcycle ?
000000285.jpg,Is this helmet for car racing ?
000000286.jpg,How many rugs on the image ?
000000286.jpg,is this iranian rug ?
000000286.jpg,What is the color of this rug ?
000000286.jpg,Can you tell me where I can buy this rug from ?
000000286.jpg,What is the shape of this rug ?
000000291.jpg,What does the circle pink color say ?
000000291.jpg,What does the circle yellow color say ?
000000291.jpg,What is the shape of on the image ?
000000291.jpg,What does this image mean ?
000000291.jpg,Does this image show math problem ? Â 
000000294.jpg,Where this brand from ?
000000294.jpg,What is the background color on the image ?
000000294.jpg,What is the font of the image ?
000000294.jpg,What does the text say on the image ?
000000294.jpg,Where is the color of the font ?
000000295.jpg,What is the color font on the image ?
000000295.jpg,How many hands on the image ?
000000295.jpg,Is there any black font on the image ?
000000295.jpg,Tell me more about this image ?
000000295.jpg,What the hand grabing on the image ?
000000296.jpg,Are these people happy ?
000000296.jpg,Are these persons on the image man and women ?
000000296.jpg,How many person on the image ?
000000296.jpg,How old are the people on the image ?
000000296.jpg,What is the color t-shirt of the man image
000000297.jpg,Is this a real female on the image ?
000000297.jpg,How tall is the female on the image ?
000000297.jpg,What does female dress looks like ?
000000297.jpg,What is the color of jacket on the image ?
000000297.jpg,What is the color of the female' hair ?
000000298.jpg,How many washers on the image ?
000000298.jpg,Are these car parts ?
000000298.jpg,What are these objects on the image ?
000000298.jpg,How many springs on the image ?
000000298.jpg,How many colors on the image ?
000000299.jpg,How big is the stadium ?
000000299.jpg,Where does this event happen ?
000000299.jpg,Is this a soccer game ?
000000299.jpg,When did this event happen ?
000000299.jpg,What does the image look like ?
000000300.jpg,Are people on the image winning ?
000000300.jpg,How many persons on the image ?
000000300.jpg,What game is this ?
000000300.jpg,is the dealer male or female ?
000000300.jpg,How many poker player on the image ?
000000301.jpg,Does this book help to trade stock ?
000000301.jpg,What is the color of the book ?
000000301.jpg,What is the book on the image ?
000000301.jpg,Who is the author of the book ?
000000301.jpg,What does this book teach ?
000000302.jpg,How many tires on the image ?
000000302.jpg,Are these front and back tire for ATV ?
000000302.jpg,What is the kind of tires on the image ?
000000302.jpg,What is brand of tire ?
000000302.jpg,How big is the rear tire of the ATV ?
000000303.jpg,How tall are these necklaces on the image ?
000000303.jpg,Are these necklaces ?
000000303.jpg,How many necklace on the image ?
000000303.jpg,How much are these necklaces ?
000000303.jpg,What is color of necklaces on the ?
000000305.jpg,What is the breeds of the dog ?
000000305.jpg,How big is the dog ?
000000305.jpg,What does the dog wear ?
000000305.jpg,What is the color of the dog ?
000000305.jpg,Is this a dog on the image ?
000000306.jpg,What is the name of this hotel ?
000000306.jpg,Is this hotel 5 star ?
000000306.jpg,Does the image taken on night or the morning ?
000000306.jpg,How big is the hotel ?
000000306.jpg,Is this hotel a chain ?
000000307.jpg,Is this food can for human ?
000000307.jpg,Is the food can gelatin free ?
000000307.jpg,What is the color of the can ?
000000307.jpg,Is this food can ?
000000307.jpg,What is the kind of food on the can ?
000000308.jpg,Is there any plant on the image ?
000000308.jpg,Is this image real ?
000000308.jpg,What is the color of necklace ?
000000308.jpg,How many necklace on the image ?
000000308.jpg,What is this image ?
000000309.jpg,Can I buy this from Amazon ?
000000309.jpg,Where can I buy this from ?
000000309.jpg,What is this image ?
000000309.jpg,What is the color of any object there ?
000000309.jpg,What is the brand of the on image ?
000000311.jpg,How many beds on the image ?
000000311.jpg,What does the person do on the image ?
000000311.jpg,Where does this image taken from ?
000000311.jpg,Is there any sea on the image ?
000000311.jpg,How many person on the image ?
000000312.jpg,Does the image have laptop cover ?
000000312.jpg,How big is this laptop cover on the image ? 
000000312.jpg,What is the color laptop cover on the image ?
000000312.jpg,Is there laptop on the image ?
000000312.jpg,what is brand of laptop on the image ?
000000314.jpg,Is this person famous ?
000000314.jpg,Does the female hold mic on her hand ?
000000314.jpg,Is the woman happy on the image ?
000000314.jpg,Is this male or female ?
000000314.jpg,What the person dress on the image ?
000000315.jpg,What is this map ?
000000315.jpg,How long does the route take on the map ?
000000315.jpg,What is the city of this map ?
000000315.jpg,Is this an uber app map ?
000000315.jpg,What is the highway on the map ?
000000316.jpg,How big is the cat on the image ?
000000316.jpg,Is this real cat ?
000000316.jpg,Does cat cry on the image ?
000000316.jpg,Is this cat happy ?
000000316.jpg,What is the object on the image ?
000000317.jpg,What is the icon on this app ?
000000317.jpg,Is this apple app ?
000000317.jpg,Is this compass pointing north or south ?
000000317.jpg,Is the object on the image circle ?
000000317.jpg,Is this a watch ?
000000318.jpg,What is the caption on the image ?
000000318.jpg,What is the image about ?
000000318.jpg,Is there a horse on the image ?
000000318.jpg,Where is the date on the image ?
000000318.jpg,What is the font on the image ?
000000320.jpg,What is the shape on the image ?
000000320.jpg,Is the image painting or digital ?
000000320.jpg,How many heart on the image ?
000000320.jpg,How many color of the heart ?
000000320.jpg,Does the shape of the heart up or down ?
000000321.jpg,What is the color of device ?
000000321.jpg,What is the function of device on the image ?
000000321.jpg,What is the device on the image ?
000000321.jpg,How big is the device ?
000000321.jpg,What is the text on the image ?
000000324.jpg,What is the text on the  t-shirt ?
000000324.jpg,What is the color of the t-shirt ?
000000324.jpg,Is this male or female t-shirt ?
000000324.jpg,What is text font on the t-shirt ?
000000324.jpg,What is the size of the t-shirt ?
000000325.jpg,What is Elextra ?
000000325.jpg,What is this image ?
000000325.jpg,What is this website ?
000000325.jpg,What does this website offer ?
000000325.jpg,Who is the founder of Elextra storeÂ ?
000000326.jpg,Are these headphones wireless ?
000000326.jpg,What is the brand of this headphones ?
000000326.jpg,What is the brand of the headphone ?
000000326.jpg,How many headphones on the image ?
000000326.jpg,What is the color of the headphone ?
000000327.jpg,Is there a wave on the sea ?
000000327.jpg,Does the image taken on the sunset of sunrise ?
000000327.jpg,Where is the image taken from ?
000000327.jpg,Is the sea on the tide rise or fall ?
000000327.jpg,How far is the bridge from the image taken ?
000000328.jpg,What is the shape of the lens on the glass ?
000000328.jpg,What is the object on the image ?
000000328.jpg,Is unsex glassÂ ?
000000328.jpg,What is the color of the glass ?
000000328.jpg,Is this sunglass or glass ?
000000329.jpg,What is the color of the book cover ?
000000329.jpg,What is the title on the book ?
000000329.jpg,Who is the author of the book ?
000000329.jpg,What is this book about ?
000000329.jpg,How many men on the book cover ?
000000330.jpg,How many characters game on the image ?
000000330.jpg,Is there fountain on the image ?
000000330.jpg,Is there cart on the image ?
000000330.jpg,Are there any trees on the image ?
000000330.jpg,What is this game ?
000000331.jpg,Does t-shirt show front or back ?
000000331.jpg,What is object on the image ?
000000331.jpg,Is this t-shirt long sleeve or short sleeveÂ ?
000000331.jpg,What is the color on the t-shirt ?
000000331.jpg,What is the color of the t-shirt ?
000000332.jpg,How many game characters on the image ?
000000332.jpg,Is this a video game ?
000000332.jpg,What is the name of the game ?
000000332.jpg,Is this movie ?
000000332.jpg,Is this a Japanese video game ?
000000333.jpg,What does the person hold on the image ?
000000333.jpg,Is this long rang gun ?
000000333.jpg,What is the weaponÂ on the image ?
000000333.jpg,What does the person aim to on the image ?
000000333.jpg,What does the person wear on his head ?
000000335.jpg,What is this object ?
000000335.jpg,How many parts on this object ?
000000335.jpg,How many legs does the object stand on ?
000000335.jpg,what is the main function of this object ?
000000335.jpg,What is the color of this object ?
000000336.jpg,How many wheels on the vacuum ?
000000336.jpg,Is this vacuum cordless ? 
000000336.jpg,what color is the vacuum color ?
000000336.jpg,How big is the vacuum bucket ?
000000336.jpg,What is the brand of this vacuum ?
000000337.jpg,Is this downtown Chicago ?
000000337.jpg,How many building on the image ?
000000337.jpg,Was this image taken on the night or the mooring 
000000337.jpg,What is the name river on the image ?
000000337.jpg,Does this image taken on Chicago ?
000000338.jpg,What is the text on the image ?
000000338.jpg,Why does the image want to keep Austin nuts ?
000000338.jpg,Is Austin city on Florida ? 
000000338.jpg,What is the shape of image ?
000000338.jpg,What is the website on the image ?
000000339.jpg,What is this image ?
000000339.jpg,How many doors on the image ?
000000339.jpg,How many steps on the image ?
000000339.jpg,Where does this image taken from ?
000000339.jpg,How many trees on the image ?
000000340.jpg,What is the color of the truck ?
000000340.jpg,What is the model of the truck ?
000000340.jpg,What is the website on the image ?
000000340.jpg,What does the truck tow ?
000000340.jpg,How many motorcycle on the image ?
000000341.jpg,Does the lady wear high heels ?
000000341.jpg,How big or small this lady ?
000000341.jpg,What does the women dress on the image ?
000000341.jpg,What is the color bag of the image ?
000000341.jpg,How many women on the image ?
000000342.jpg,What does the women hold ? 
000000342.jpg,How many women on this image ? 
000000342.jpg,What is behind the person on the image ?
000000342.jpg,How many umbrella image ? 
000000342.jpg,What is the color of the umbrella ?
000000343.jpg,What is the image on the t-shirt ?
000000343.jpg,What is the color of the t-shirt ?
000000343.jpg,What is the size of the t-shirt ?
000000343.jpg,What is BlackLodge ?
000000343.jpg,what does the text on the t-shirt mean ?
000000344.jpg,What does the kid hold on his hand ?
000000344.jpg,How many cellphone on the image ?
000000344.jpg,Are these kids happy ?
000000344.jpg,Where do these kids do on the image ?
000000344.jpg,How many backpack on the image ?
000000345.jpg,How many person on the image ?
000000345.jpg,What is the text on the image ?
000000345.jpg,What does the person on the image do ?
000000345.jpg,What is the text font on the image ?
000000345.jpg,What does the text mean on the image ?
000000346.jpg,How many ballon on the image ?
000000346.jpg,Is there any sneaker bar candy on the image ?
000000346.jpg,Is there any twix bar bar candy on the image ?
000000346.jpg,Explain to me this image ?
000000346.jpg,How many candy bar on the image ?
000000347.jpg,Is the towel clean on the image ?
000000347.jpg,What is the color of the towel ?
000000347.jpg,How many towels on the image ?
000000347.jpg,Does the towel stand on the image ?
000000347.jpg,What the material on the towel ?
000000348.jpg,How many trees on the image ?
000000348.jpg,Is there a lake on the image ?
000000348.jpg,What does the color of the sky look like ?
000000348.jpg,Is there a water on the image ?
000000348.jpg,What is this painting ?
000000349.jpg,How many object on this image ?
000000349.jpg,What is the shape of this object ?
000000349.jpg,What is the name of this object ?
000000349.jpg,What is this object ?
000000349.jpg,What is the color of this object ?
000000351.jpg,What is the size screen on this image ?
000000351.jpg,What brand is this laptop ?
000000351.jpg,How many laptop on this image ?
000000351.jpg,What color is the laptop?
000000351.jpg,Is this the latest Macbook Laptop ?
000000352.jpg,What is the person shape color ?
000000352.jpg,What is the cap on the image ?
000000352.jpg,What is this app ?
000000352.jpg,What does this image mean ?
000000352.jpg,What is the text on the image ?
000000353.jpg,Are these people happy on the image ?
000000353.jpg,How many men and women on the image ?
000000353.jpg,What does the man on left back wearing ret tie do on his hand ?
000000353.jpg,How many persons on the image ?
000000353.jpg,What are the gesture on this image ?
000000354.jpg,Is there any fork on the plate ?
000000354.jpg,How many slices have been taken so far from the pi ?
000000354.jpg,What is the color of the pi ?
000000354.jpg,What kind of cake is this ?
000000354.jpg,What is the color othe web cream ?
000000355.jpg,Is this ring for wedding ?
000000355.jpg,What is this ring ?
000000355.jpg,Does this ring have diamond ?
000000355.jpg,What is the color of the background ?
000000355.jpg,What is the color of this ring ?
000000356.jpg,How many butterfly shape on the image ?
000000356.jpg,What does object look like on the image ?
000000356.jpg,What is this image ?
000000356.jpg,What is the website on the image ?
000000356.jpg,What is the numbder on the image ?
000000358.jpg,What is the ad deal here ?
000000358.jpg,Is it cheap to do $1.99 for sq. ft. floor ?
000000358.jpg,What is the price on the image stand for ?
000000358.jpg,What is the price on the image ?
000000358.jpg,What is the phone number of the image ?
000000359.jpg,Does this stair have something to hold while walking ?
000000359.jpg,How many stair on the image ?
000000359.jpg,How many steps stair on the image ?
000000359.jpg,What is the color of the wall ?
000000359.jpg,What is the color of stairs ?
000000360.jpg,Does the person old on the image ?
000000360.jpg,How many persons the image ?
000000360.jpg,What does the old man wear on his headÂ ?
000000360.jpg,Is the person drunk on the image ?
000000360.jpg,What is this image ?
000000362.jpg,What is the date on the image ?
000000362.jpg,What is council city on the image ? 
000000362.jpg,What is the title of this lecture ?
000000362.jpg,What is the lecture about ?
000000362.jpg,What is the color of the image ?
000000363.jpg,How many trees on the image ?
000000363.jpg,What is the overall color of this image ?
000000363.jpg,Is it night or moring on the image ?
000000363.jpg,Is it snowing on the image ?
000000363.jpg,How many street lights on the image ?
000000364.jpg,What else are there beside the painting brush on the image ?
000000364.jpg,How many brush on the image ?
000000364.jpg,What is on the image ?
000000364.jpg,What is the color of each brush ?
000000364.jpg,Are these brush new or used ?
000000365.jpg,How old is this book ?
000000365.jpg,who is the author of this book ?
000000365.jpg,What is this book about ?
000000365.jpg,What is the title of the book ?
000000365.jpg,What is the color of the book ?
000000367.jpg,Is there a drink on the table ?
000000367.jpg,What else is there on the image beside soup ?
000000367.jpg,What kind of soup on the image ?
000000367.jpg,What kind of food is this ?
000000367.jpg,How many soup on the image ?
000000369.jpg,What is the color of the person on the image ?
000000369.jpg,What does the human person hold on his hand ?
000000369.jpg,What is the human person mean ?
000000369.jpg,What is the image about ?
000000369.jpg,How many person on the image ?
000000370.jpg,Is the women facing the camera ?
000000370.jpg,How big or small this women ?
000000370.jpg,What does women wear ? 
000000370.jpg,What is the color of this women eye ?
000000370.jpg,What is the color of this person ?
000000371.jpg,What is the color of the sky ?
000000371.jpg,How many person on the image ?
000000371.jpg,Is this image from a movie ?
000000371.jpg,What is the man on blue shirt hold on his hand ?
000000371.jpg,What is this weird object on the image ?
000000372.jpg,What is the color of this women ?
000000372.jpg,What does this women dress ?
000000372.jpg,What part of this women body show ?
000000372.jpg,Is this man or women ?
000000372.jpg,What does this women wear ?
000000373.jpg,How many women on the image ?
000000373.jpg,How many legs on the image ?
000000373.jpg,How tall are these women ?
000000373.jpg,How many hands on the image ?
000000373.jpg,What is the color of women shoes ?
000000374.jpg,What is the color of the bag ?
000000374.jpg,what is the flag shape on the image ?
000000374.jpg,What is the flag on the image ?
000000374.jpg,Is there a tree on the image ?
000000374.jpg,How many cows flags on the image ?
000000375.jpg,Does the drone on the image fly ?
000000375.jpg,What is this object ?
000000375.jpg,What is the color of the drone ?
000000375.jpg,How many drone on the image ?
000000375.jpg,What is the spec on drone image ?
000000376.jpg,Is there a dog on the image ?
000000376.jpg,What is the object on the image ?
000000376.jpg,Is this product for pet only ?
000000376.jpg,What is the color of the box ?
000000376.jpg,Where can I buy this product ?
000000377.jpg,What is the color of this headphone ?
000000377.jpg,Where I can buy this headphone ?
000000377.jpg,How many ear pad on the image ?
000000377.jpg,How many ear plug on the image ?
000000377.jpg,How many object on the image ?
000000378.jpg,Is there a car on the image ?
000000378.jpg,Is there a sun on the image ?
000000378.jpg,What is on the image ?
000000378.jpg,Is this uber car ?
000000378.jpg,What is the color of the car on the image ?
000000379.jpg,How big is the turbo on the image ?
000000379.jpg,What does this turbo use for ?
000000379.jpg,What is the date taken on the image ?
000000379.jpg,How many person on the image ?
000000379.jpg,What is the color of the turbo ?
000000380.jpg,What is the color of the book ?
000000380.jpg,who is the author of this book ?
000000380.jpg,What is the title name on the book ?
000000380.jpg,What is this book for ?
000000380.jpg,Is this book place up or down ?
000000382.jpg,What does this women wear ?
000000382.jpg,How many legs on the image ?
000000382.jpg,How tall is the person on the image ?
000000382.jpg,How many hands on the image ?
000000382.jpg,What is the color of the dress ?
